{"posicion":{"x":27.390729904174806,"y":5.905155658721924,"z":0.0}}